Reef,Date,Grid Square,PTVO,CECR,EPST,CEFU,EPGU,STPA,STDE,TOL,MYTI/MYBO,Other,Unsure
PET,10-Aug,1,0,0,0,0,0,0,0,0,0,0,0
PET,10-Aug,2,0,0,0,0,0,0,0,0,0,0,0
PET,10-Aug,3,0,0,0,0,0,0,0,0,0,0,0
PET,10-Aug,4,0,0,0,0,0,0,0,0,0,0,0
PET,10-Aug,5,0,0,0,0,0,0,0,0,0,0,0
PET,10-Aug,6,0,0,0,0,0,0,0,0,0,0,0
PET,10-Aug,7,0,0,0,0,0,0,0,0,0,0,0
PET,10-Aug,8,0,0,0,0,0,0,0,0,0,0,0
PET,10-Aug,9,0,0,0,0,0,0,0,0,0,0,0
PET,10-Aug,10,0,0,0,0,0,0,0,0,0,0,0
PET,10-Aug,11,0,0,0,0,0,0,0,0,0,0,0
PET,10-Aug,12,0,0,0,0,0,0,0,0,0,0,0
PET,10-Aug,13,0,0,0,0,0,0,0,0,0,0,0
PET,10-Aug,14,0,0,0,0,0,0,0,0,0,0,0
PET,10-Aug,15,0,0,0,0,0,0,0,0,0,0,0
PET,10-Aug,16,0,0,0,0,0,0,0,0,0,0,0
PET,10-Aug,17,0,0,0,0,0,0,0,0,0,0,0
PET,10-Aug,18,0,0,0,0,0,0,0,0,0,0,0
PET,10-Aug,19,0,0,0,0,0,0,0,0,0,0,0
PET,10-Aug,20,0,0,0,0,0,0,0,0,0,0,0
PET,10-Aug,21,0,0,0,0,0,0,0,0,0,0,0
PET,10-Aug,22,0,0,0,0,0,0,0,0,0,0,0
PET,10-Aug,23,0,0,0,0,0,0,0,0,0,0,0
PET,10-Aug,24,0,0,0,0,0,0,0,0,0,0,0
PET,10-Aug,25,0,0,0,0,0,0,0,0,0,0,0
PET,10-Aug,26,0,0,0,0,0,0,0,0,0,0,0
PET,10-Aug,27,0,0,0,0,0,0,0,0,0,0,0
PET,10-Aug,28,0,0,0,0,0,0,0,0,0,0,0
PET,10-Aug,29,0,0,0,0,0,0,0,0,0,0,0
PET,10-Aug,30,0,0,0,0,0,0,0,0,0,0,0
PET,10-Aug,31,0,0,0,0,0,0,0,0,0,0,0
PET,10-Aug,32,0,0,0,0,0,0,0,0,0,0,0
PET,10-Aug,33,0,0,0,0,0,0,0,0,0,0,0
PET,10-Aug,34,0,0,0,0,0,0,0,0,0,0,0
PET,10-Aug,35,0,0,0,0,0,0,0,0,0,0,0
PET,10-Aug,36,0,0,0,0,0,0,0,0,0,0,0
PET,10-Aug,37,0,0,0,0,0,0,0,0,0,0,0
PET,10-Aug,38,0,0,0,0,0,0,0,0,0,0,0
PET,10-Aug,39,0,0,0,0,0,0,0,0,0,0,0
PET,10-Aug,40,0,0,0,0,0,0,0,0,0,0,0
PET,10-Aug,41,0,0,0,0,0,0,0,0,0,0,0
PET,10-Aug,42,0,0,0,0,0,6,0,0,0,0,0
PET,10-Aug,43,0,0,0,0,0,0,0,0,0,0,0
PET,10-Aug,44,0,0,0,0,0,0,0,0,0,0,0
PET,10-Aug,45,0,0,0,0,0,0,0,0,0,0,0
PET,10-Aug,46,0,0,0,0,0,0,0,0,0,0,0
PET,10-Aug,47,0,0,0,0,0,0,0,0,0,0,0
PET,10-Aug,48,0,0,0,0,0,0,0,0,0,0,0
PET,10-Aug,49,0,0,0,0,0,0,0,0,0,0,0
PET,10-Aug,50,0,0,0,0,0,0,0,0,0,0,0
PET,10-Aug,51,0,0,0,0,0,0,0,0,0,0,0
PET,10-Aug,52,0,0,0,0,0,0,0,0,0,0,0
PET,10-Aug,53,0,0,0,0,0,0,0,0,0,0,0
PET,10-Aug,54,0,0,0,0,0,0,0,0,0,0,0
PET,10-Aug,55,0,0,0,0,0,0,0,0,0,0,0
PET,10-Aug,56,0,0,0,0,0,0,0,0,0,0,0
PET,10-Aug,57,0,0,0,0,0,0,0,0,0,0,0
PET,10-Aug,58,0,0,0,0,0,0,0,0,0,0,0
PET,10-Aug,59,0,0,0,0,0,0,0,0,0,0,0
PET,10-Aug,60,0,0,0,0,0,0,0,0,0,0,0
PET,10-Aug,61,0,0,0,0,0,0,0,0,0,0,0
PET,10-Aug,62,0,0,0,0,0,0,0,0,0,0,0
PET,10-Aug,63,0,0,0,0,0,0,0,0,0,0,0
PET,10-Aug,64,0,0,0,0,0,0,0,0,0,0,0
PET,10-Aug,65,0,0,0,0,0,0,0,0,0,0,0
PET,10-Aug,66,0,0,0,0,0,0,0,0,0,0,0
PET,10-Aug,67,0,0,0,0,0,0,0,0,0,0,0
PET,10-Aug,68,0,0,0,0,0,0,0,0,0,0,0
PET,10-Aug,69,0,0,0,0,0,0,0,0,0,0,0
PET,10-Aug,70,0,0,0,0,0,0,0,0,0,0,0
PET,10-Aug,71,0,0,0,0,0,0,0,0,0,0,0
PET,10-Aug,72,0,0,0,0,0,0,0,0,0,0,0
PET,10-Aug,73,0,0,0,0,0,0,0,0,0,0,0
PET,10-Aug,74,0,0,0,0,0,0,0,0,0,0,0
PET,10-Aug,75,0,0,0,0,0,0,0,0,0,0,0
PET,10-Aug,76,0,0,0,0,0,0,0,0,0,0,0
PET,10-Aug,77,0,0,0,0,0,0,0,0,0,0,0
PET,10-Aug,78,0,0,0,0,0,0,0,0,0,0,0
PET,10-Aug,79,0,0,0,0,0,0,0,0,0,0,0
PET,10-Aug,80,0,0,0,0,0,0,0,0,0,0,0
PET,10-Aug,81,0,0,0,0,0,0,0,0,0,0,0
PET,10-Aug,82,0,0,0,0,0,0,0,0,0,0,0
PET,10-Aug,83,0,0,0,0,0,0,0,0,0,0,0
PET,10-Aug,84,0,0,0,0,0,0,0,0,0,0,0
PET,10-Aug,85,0,0,0,0,0,0,0,0,0,0,0
PET,10-Aug,86,0,0,0,0,0,0,0,0,0,0,0
PET,10-Aug,87,0,0,0,0,0,0,0,0,0,0,0
PET,10-Aug,88,0,0,0,0,0,0,0,0,0,0,0
PET,10-Aug,89,0,0,0,0,0,0,0,0,0,0,0
PET,10-Aug,90,0,0,0,0,0,0,0,0,0,0,0
PET,10-Aug,91,0,0,0,0,0,0,0,0,0,0,0
PET,10-Aug,92,0,0,0,0,0,0,0,0,0,0,0
PET,10-Aug,93,0,0,0,0,0,0,0,0,0,0,0
PET,10-Aug,94,0,0,0,0,0,0,0,0,0,0,0
PET,10-Aug,95,0,0,0,0,0,0,0,0,0,0,0
PET,10-Aug,96,0,0,0,0,0,0,0,0,0,0,0
PET,10-Aug,97,0,0,0,0,0,0,0,0,0,0,0
PET,10-Aug,98,0,0,0,0,0,0,0,0,0,0,0
PET,10-Aug,99,0,0,0,0,0,0,0,0,0,0,0
PET,10-Aug,100,0,0,0,0,0,0,0,0,0,0,0
PET,10-Aug,101,0,0,0,0,0,0,0,0,0,0,0
PET,10-Aug,102,0,0,0,0,0,0,0,0,0,0,0
PET,10-Aug,103,0,0,0,0,0,0,0,0,0,0,0
PET,10-Aug,104,0,0,0,0,0,0,0,0,0,0,0
PET,10-Aug,105,0,0,0,0,0,0,0,0,0,0,0
PET,10-Aug,106,0,0,0,0,0,0,0,0,0,0,0
PET,10-Aug,107,0,0,0,0,0,0,0,0,0,0,0
PET,10-Aug,108,0,0,0,0,0,0,0,0,0,0,0
PET,10-Aug,109,0,0,0,0,0,0,0,0,0,0,0
PET,10-Aug,110,0,0,0,0,0,0,0,0,0,0,0
PET,10-Aug,111,0,0,0,0,0,0,0,0,0,0,0
PET,10-Aug,112,0,0,0,0,0,0,0,0,0,0,0
PET,10-Aug,113,0,0,0,0,0,0,0,0,0,0,0
PET,10-Aug,114,0,0,0,0,0,0,0,0,0,0,0
PET,10-Aug,115,0,0,0,0,0,0,0,0,0,0,0
PET,10-Aug,116,0,0,0,0,0,0,0,0,0,0,0
PET,10-Aug,117,0,0,0,0,0,0,0,0,0,0,0
PET,10-Aug,118,0,0,0,0,0,0,0,0,0,0,0
PET,10-Aug,119,0,0,0,0,0,0,0,0,0,0,0
PET,10-Aug,120,0,0,0,0,0,0,0,0,0,0,0
PET,10-Aug,121,0,0,0,0,0,0,0,0,0,0,0
PET,10-Aug,122,0,0,0,0,0,0,0,0,0,0,0
PET,10-Aug,123,0,0,0,0,0,0,0,0,0,0,0
PET,10-Aug,124,0,0,0,0,0,0,0,0,0,0,0
PET,10-Aug,125,0,0,0,0,0,0,0,0,0,0,0
PET,10-Aug,126,0,0,0,0,0,0,0,0,0,0,0
PET,10-Aug,127,0,0,0,0,0,0,0,0,0,0,0
PET,10-Aug,128,0,0,0,0,0,0,0,0,0,0,0
PET,10-Aug,129,0,0,0,0,0,0,0,0,0,0,0
PET,10-Aug,130,0,0,0,0,0,0,0,0,0,0,0
PET,10-Aug,131,0,0,0,0,0,0,0,0,0,0,0
PET,10-Aug,132,0,0,0,0,0,0,0,0,0,0,0
PET,10-Aug,133,0,0,0,0,0,0,0,0,0,0,0
PET,10-Aug,134,0,0,0,0,0,0,0,0,0,0,0
PET,10-Aug,135,0,0,0,0,0,0,0,0,0,0,0
PET,10-Aug,136,0,0,0,0,0,0,0,0,0,0,0
PET,10-Aug,137,0,0,0,0,0,0,0,0,0,0,0
PET,10-Aug,138,0,0,0,0,0,0,0,0,0,0,0
PET,10-Aug,139,0,0,0,0,0,0,0,0,0,0,0
PET,10-Aug,140,0,0,0,0,0,0,0,0,0,0,0
PET,10-Aug,141,0,0,0,0,0,0,0,0,0,0,0
PET,10-Aug,142,0,0,0,0,0,0,0,0,0,0,0
PET,10-Aug,143,0,0,0,0,0,0,0,0,0,0,0
PET,10-Aug,144,0,0,0,0,0,0,0,0,0,0,0
PET,10-Aug,145,0,0,0,0,0,0,0,0,0,0,0
PET,10-Aug,146,0,0,0,0,0,0,0,0,0,0,0
PET,10-Aug,147,0,0,0,0,0,0,0,0,0,0,0
PET,10-Aug,148,0,0,0,0,0,0,0,0,0,0,0
PET,10-Aug,149,0,0,0,0,0,0,0,0,0,0,0
PET,10-Aug,150,0,0,0,0,0,0,0,0,0,0,0
PET,10-Aug,151,0,0,0,0,0,0,0,0,0,0,0
PET,10-Aug,152,0,0,0,0,0,0,0,0,0,0,0
PET,10-Aug,153,0,0,0,0,0,0,0,0,0,0,0
PET,10-Aug,154,0,0,0,0,0,0,0,0,0,0,0
PET,10-Aug,155,0,0,0,0,0,0,0,0,0,0,0
PET,10-Aug,156,0,0,0,0,0,0,0,0,0,0,0
PET,10-Aug,157,0,0,0,0,0,0,0,0,0,0,0
PET,10-Aug,158,0,0,0,0,0,0,0,0,0,0,0
PET,10-Aug,159,0,0,0,0,0,0,0,0,0,0,0
PET,10-Aug,160,0,0,0,0,0,0,0,0,0,0,0
PET,10-Aug,161,0,0,0,0,0,0,0,0,0,0,0
PET,10-Aug,162,0,0,0,0,0,0,0,0,0,0,0
PET,10-Aug,163,0,0,0,0,0,0,0,0,0,0,0
PET,10-Aug,164,0,0,0,0,0,0,0,0,0,0,0
PET,10-Aug,165,0,0,0,0,0,0,0,0,0,0,0
PET,10-Aug,166,0,0,0,0,0,0,0,0,0,0,0
PET,10-Aug,167,0,0,0,0,0,0,0,0,0,0,0
PET,10-Aug,168,0,0,0,0,0,0,0,0,0,0,0
PET,10-Aug,169,0,0,0,0,0,0,0,0,0,0,0
PET,10-Aug,170,0,0,0,0,0,0,0,0,0,0,0
PET,10-Aug,171,0,0,0,0,0,0,0,0,0,0,0
PET,10-Aug,172,0,0,0,0,0,0,0,0,0,0,0
PET,10-Aug,173,0,0,0,0,0,0,0,0,0,0,0
PET,10-Aug,174,0,0,0,0,0,0,0,0,0,0,0
PET,10-Aug,175,0,0,0,0,0,0,0,0,0,0,0
PET,10-Aug,176,0,0,0,0,0,0,0,0,0,0,0
PET,10-Aug,177,0,0,0,0,0,0,0,0,0,0,0
PET,10-Aug,178,0,0,0,0,0,0,0,0,0,0,0
PET,10-Aug,179,0,0,0,0,0,0,0,0,0,0,0
PET,10-Aug,180,0,0,0,0,0,0,0,0,0,0,0
PET,10-Aug,181,0,0,0,0,0,0,0,0,0,0,0
PET,10-Aug,182,0,0,0,0,0,0,0,0,0,0,0
PET,10-Aug,183,0,0,0,0,0,0,0,0,0,0,0
PET,10-Aug,184,0,0,0,0,0,0,0,0,0,0,0
PET,10-Aug,185,0,0,0,0,0,0,0,0,0,0,0
PET,10-Aug,186,0,0,0,0,0,0,0,0,0,0,0
PET,10-Aug,187,0,0,0,0,0,0,0,0,0,0,0
PET,10-Aug,188,0,0,0,0,0,0,0,0,0,0,0
PET,10-Aug,189,0,0,0,0,0,0,0,0,0,0,0
PET,10-Aug,190,0,0,0,0,0,0,0,0,0,0,0
PET,10-Aug,191,0,0,0,0,0,0,0,0,0,0,0
PET,10-Aug,192,0,0,0,0,0,0,0,0,0,0,0
PET,10-Aug,193,0,0,0,0,0,0,0,0,0,0,0
PET,10-Aug,194,0,0,0,0,0,0,0,1,0,0,0
PET,10-Aug,195,0,0,0,0,0,0,0,0,0,0,0
PET,10-Aug,196,0,0,0,0,0,0,0,0,0,0,0
PET,10-Aug,197,0,0,0,0,0,0,0,0,0,0,0
PET,10-Aug,198,0,0,0,0,0,0,0,0,0,0,0
PET,10-Aug,199,0,0,0,0,0,0,0,0,0,0,0
PET,10-Aug,200,0,0,0,0,0,0,0,0,0,0,0
PET,10-Aug,201,0,0,0,0,0,0,0,0,0,0,0
PET,10-Aug,202,0,0,0,0,0,0,0,0,0,0,0
PET,10-Aug,203,0,0,0,0,0,0,0,0,0,0,0
PET,10-Aug,204,0,0,0,0,0,0,0,0,0,0,0
PET,10-Aug,205,0,0,0,0,0,0,0,0,0,0,0
PET,10-Aug,206,0,0,0,0,0,0,0,0,0,0,0
PET,10-Aug,207,0,0,0,0,0,0,0,0,0,0,0
PET,10-Aug,208,0,0,0,0,0,0,0,0,0,0,0
PET,10-Aug,209,0,0,0,0,0,0,0,0,0,0,0
PET,10-Aug,210,0,0,0,0,0,0,0,0,0,0,0
PET,10-Aug,211,0,0,0,0,0,0,0,0,0,0,0
PET,10-Aug,212,0,0,0,0,0,0,0,0,0,0,0
PET,10-Aug,213,0,0,0,0,0,0,0,0,0,0,0
PET,10-Aug,214,0,0,0,0,0,0,0,0,0,0,0
PET,10-Aug,215,0,0,0,0,0,0,0,0,0,0,0
PET,10-Aug,216,0,0,0,0,0,0,0,0,0,0,0
PET,10-Aug,217,0,0,0,0,0,0,5,0,0,0,0
PET,10-Aug,218,0,0,0,0,0,0,0,0,0,0,0
PET,10-Aug,219,0,30,0,0,0,0,0,0,0,0,0
PET,10-Aug,220,0,0,0,0,0,0,0,0,0,0,0
PET,10-Aug,221,0,0,0,0,0,0,0,0,0,0,0
PET,10-Aug,222,0,0,0,0,0,0,0,0,0,0,0
PET,10-Aug,223,0,0,0,0,0,0,0,0,0,0,0
PET,10-Aug,224,0,0,0,0,0,7,0,0,0,0,0
PET,10-Aug,225,0,0,0,0,0,0,0,0,0,0,0
PET,10-Aug,226,0,0,0,0,0,0,0,0,0,0,0
PET,10-Aug,227,0,0,0,0,0,0,0,0,0,0,0
PET,10-Aug,228,0,0,0,0,0,0,0,0,0,0,0
PET,10-Aug,229,0,0,0,0,0,0,0,0,0,0,0
PET,10-Aug,230,0,0,0,0,0,0,0,0,0,0,0
PET,10-Aug,231,0,0,0,0,0,0,0,0,0,0,0
PET,10-Aug,232,0,0,0,0,0,0,0,0,0,0,0
PET,10-Aug,233,0,0,0,0,0,0,0,0,0,0,0
PET,10-Aug,234,0,0,0,0,0,0,0,0,0,0,0
PET,10-Aug,235,0,0,0,0,0,0,0,0,0,0,0
PET,10-Aug,236,0,0,0,0,0,0,0,0,0,0,0
PET,10-Aug,237,0,0,0,0,0,0,7,0,0,0,0
PET,10-Aug,238,0,0,0,0,0,0,0,0,0,0,0
PET,10-Aug,239,0,0,0,0,0,0,0,0,0,0,0
PET,10-Aug,240,0,0,0,0,0,0,0,0,0,0,0
PET,10-Aug,241,0,0,0,0,0,0,0,0,0,0,0
PET,10-Aug,242,0,0,0,0,0,0,0,0,0,0,0
PET,10-Aug,243,0,0,0,0,0,0,0,0,0,0,0
PET,10-Aug,244,0,0,0,0,0,0,0,0,0,0,0
PET,10-Aug,245,0,0,0,0,0,0,0,0,0,0,0
PET,10-Aug,246,0,0,0,0,0,0,0,0,0,0,0
PET,10-Aug,247,0,0,0,0,0,0,0,0,0,0,0
PET,10-Aug,248,0,0,0,0,0,0,0,0,0,0,0
PET,10-Aug,249,0,0,0,0,0,0,0,0,0,0,0
PET,10-Aug,250,0,0,0,0,0,0,0,0,0,0,0
PET,10-Aug,251,0,0,0,0,0,0,0,0,0,0,0
PET,10-Aug,252,0,0,0,0,0,0,0,0,0,0,0
PET,10-Aug,253,0,0,0,0,0,0,0,0,0,0,0
PET,10-Aug,254,0,0,0,0,0,0,0,0,0,0,0
PET,10-Aug,255,0,0,0,0,0,0,0,0,0,0,0
PET,10-Aug,256,0,0,0,0,0,0,0,0,0,0,0
PET,10-Aug,257,0,0,0,0,0,0,0,0,0,0,0
PET,10-Aug,258,0,0,0,0,0,0,0,0,0,0,0
PET,10-Aug,259,0,0,0,0,0,0,0,0,0,0,0
PET,10-Aug,260,0,0,0,0,0,0,3,0,0,0,0
PET,10-Aug,261,0,0,0,0,0,0,0,0,0,0,0
PET,10-Aug,262,0,0,0,0,0,0,0,0,0,0,0
PET,10-Aug,263,0,0,0,0,0,0,0,0,0,0,0
PET,10-Aug,264,0,0,0,0,0,0,0,0,0,0,0
PET,10-Aug,265,0,0,0,0,0,0,0,0,0,0,0
PET,10-Aug,266,0,0,0,0,0,0,0,0,0,0,0
PET,10-Aug,267,0,0,0,0,0,0,0,0,0,0,0
PET,10-Aug,268,0,0,0,0,0,0,0,0,0,0,0
PET,10-Aug,269,0,0,0,0,0,0,0,0,0,0,0
PET,10-Aug,270,0,0,0,0,0,0,0,0,0,0,0
PET,10-Aug,271,0,0,0,0,0,0,0,0,0,0,0
PET,10-Aug,272,0,0,0,0,0,0,0,0,0,0,0
PET,10-Aug,273,0,0,0,0,0,0,0,0,0,0,0
PET,10-Aug,274,0,0,0,0,0,0,0,0,0,0,0
PET,10-Aug,275,0,0,0,0,0,0,0,0,0,0,0
PET,10-Aug,276,0,0,0,0,0,0,0,0,0,0,0
PET,10-Aug,277,0,0,0,0,0,0,0,0,0,0,0
PET,10-Aug,278,0,0,0,0,0,0,0,0,0,0,0
PET,10-Aug,279,0,0,0,0,0,0,0,0,0,0,0
PET,10-Aug,280,0,0,0,0,0,0,0,0,0,0,0
PET,10-Aug,281,0,0,0,0,0,0,0,0,0,0,0
PET,10-Aug,282,0,0,0,0,0,0,0,0,0,0,0
PET,10-Aug,283,0,0,0,0,0,0,0,0,0,0,0
PET,10-Aug,284,0,0,0,0,0,0,4,0,0,0,0
PET,10-Aug,285,0,0,0,0,0,0,0,0,0,0,0
PET,10-Aug,286,0,0,0,0,0,0,0,0,0,0,0
PET,10-Aug,287,0,0,0,0,0,0,0,0,0,0,0
PET,10-Aug,288,0,0,0,0,0,0,0,0,0,0,0
PET,10-Aug,289,0,0,0,0,0,0,0,0,0,0,0
PET,10-Aug,290,0,0,0,0,0,0,0,0,0,0,0
PET,10-Aug,291,0,0,0,0,0,0,0,0,0,0,0
PET,10-Aug,292,0,0,0,0,0,0,0,0,0,0,0
PET,10-Aug,293,0,0,0,0,0,0,0,0,0,0,0
PET,10-Aug,294,0,0,0,0,0,0,0,0,0,0,0
PET,10-Aug,295,30,0,0,0,0,0,0,0,0,0,0
PET,10-Aug,296,0,0,0,0,0,0,0,0,0,0,0
PET,10-Aug,297,0,0,0,0,0,0,0,0,0,0,0
PET,10-Aug,298,0,0,0,0,0,0,0,0,0,0,0
PET,10-Aug,299,0,0,0,0,0,0,0,0,0,0,0
PET,10-Aug,300,0,0,0,0,0,0,0,0,0,0,0
PET,10-Aug,301,0,0,0,0,0,0,0,0,0,0,0
PET,10-Aug,302,0,0,0,0,0,0,0,0,0,0,0
PET,10-Aug,303,0,0,0,0,0,0,0,0,0,0,0
PET,10-Aug,304,0,0,0,0,0,0,0,0,0,0,0
PET,10-Aug,305,0,0,0,0,0,0,0,0,0,0,0
PET,10-Aug,306,0,0,0,0,0,0,0,0,0,0,0
PET,10-Aug,307,0,0,0,0,0,0,0,0,0,0,0
PET,10-Aug,308,0,0,0,0,0,0,0,0,0,0,0
PET,10-Aug,309,0,0,0,0,0,0,0,0,0,0,0
PET,10-Aug,310,0,0,0,0,0,2,0,0,0,0,0
PET,10-Aug,311,0,0,0,0,0,0,0,0,0,0,0
PET,10-Aug,312,0,0,0,0,0,0,5,0,0,0,0
PET,10-Aug,313,0,0,0,0,0,0,0,0,0,0,0
PET,10-Aug,314,0,0,0,0,0,0,10,0,0,0,0
PET,10-Aug,315,0,0,0,0,0,0,0,0,0,0,0
PET,10-Aug,316,0,0,0,0,0,0,2,0,0,0,0
PET,10-Aug,317,0,0,0,0,0,2,0,0,0,0,0
PET,10-Aug,318,0,0,0,0,0,0,0,0,0,0,0
PET,10-Aug,319,0,0,0,0,0,0,0,0,0,0,0
PET,10-Aug,320,35,0,0,0,0,0,0,0,0,0,0
PET,10-Aug,321,0,0,0,0,0,0,0,0,0,0,0
PET,10-Aug,322,0,0,0,0,0,0,0,0,0,0,0
PET,10-Aug,323,0,0,0,0,0,0,0,0,0,0,0
PET,10-Aug,324,0,0,0,0,0,0,0,0,0,0,0
PET,10-Aug,325,0,0,0,0,0,0,0,0,0,0,0
PET,10-Aug,326,0,0,0,0,0,5,0,0,0,0,0
PET,10-Aug,327,0,0,0,0,0,0,0,0,0,0,0
PET,10-Aug,328,0,0,0,0,0,0,0,0,0,0,0
PET,10-Aug,329,0,0,0,0,0,0,0,0,0,0,0
PET,10-Aug,330,0,0,0,0,0,0,0,0,0,0,0
PET,10-Aug,331,0,0,0,0,0,0,0,0,0,0,0
PET,10-Aug,332,0,0,0,0,0,0,0,0,0,0,0
PET,10-Aug,333,0,0,0,0,0,0,0,0,0,0,0
PET,10-Aug,334,0,0,0,0,0,0,0,0,0,0,0
PET,10-Aug,335,0,0,0,0,0,0,0,0,0,0,0
PET,10-Aug,336,0,0,0,0,0,0,0,0,0,0,0
PET,10-Aug,337,0,0,0,0,0,0,0,0,0,0,0
PET,10-Aug,338,0,0,0,0,0,0,0,0,0,0,0
PET,10-Aug,339,0,0,0,0,0,0,0,0,0,0,0
PET,10-Aug,340,0,0,0,0,0,0,6,0,0,0,0
PET,10-Aug,341,0,0,0,0,0,0,0,0,0,0,0
PET,10-Aug,342,0,0,0,0,0,0,0,0,0,0,0
PET,10-Aug,343,0,0,0,0,0,0,3,0,0,0,0
PET,10-Aug,344,0,0,0,0,0,0,0,0,0,0,0
PET,10-Aug,345,28,0,0,0,0,0,0,0,0,0,0
PET,10-Aug,346,0,0,0,0,0,0,0,0,0,0,0
PET,10-Aug,347,0,0,0,0,0,0,0,0,0,0,0
PET,10-Aug,348,0,0,0,0,0,0,0,0,0,0,0
PET,10-Aug,349,0,0,0,0,0,0,0,0,0,0,0
PET,10-Aug,350,0,0,0,0,0,0,0,0,0,0,0
PET,10-Aug,351,0,0,0,0,0,0,0,0,0,0,0
PET,10-Aug,352,0,0,0,0,0,0,0,0,0,0,0
PET,10-Aug,353,0,0,0,0,0,0,0,0,0,0,0
PET,10-Aug,354,0,0,0,0,0,0,0,0,0,0,0
PET,10-Aug,355,0,0,0,0,0,0,0,0,0,0,0
PET,10-Aug,356,0,0,0,0,0,0,0,0,0,0,0
PET,10-Aug,357,0,0,0,0,0,0,0,0,0,0,0
PET,10-Aug,358,0,0,0,0,0,0,0,0,0,0,0
PET,10-Aug,359,0,0,0,0,0,0,0,0,0,0,0
PET,10-Aug,360,0,0,0,0,0,0,0,0,0,0,0
PET,10-Aug,361,0,0,0,0,0,0,0,0,0,0,0
PET,10-Aug,362,0,0,0,0,0,0,0,0,0,0,0
PET,10-Aug,363,0,0,0,0,0,0,0,0,0,0,0
PET,10-Aug,364,0,0,0,0,0,0,0,0,0,0,0
PET,10-Aug,365,0,0,0,0,0,0,0,0,0,0,0
PET,10-Aug,366,0,0,0,0,0,0,0,0,0,0,0
PET,10-Aug,367,0,0,0,0,0,0,0,0,0,0,0
PET,10-Aug,368,0,0,0,0,0,0,0,0,0,0,0
PET,10-Aug,369,0,0,0,0,0,0,0,0,0,0,0
PET,10-Aug,370,0,0,0,0,0,0,0,0,0,0,0
PET,10-Aug,371,0,0,0,0,0,0,0,0,0,0,0
PET,10-Aug,372,0,0,0,0,0,0,0,0,0,0,0
PET,10-Aug,373,0,0,0,0,0,0,0,0,0,0,0
PET,10-Aug,374,0,0,0,0,0,0,0,0,0,0,0
PET,10-Aug,375,0,0,0,0,0,0,0,0,0,0,0
PET,10-Aug,376,0,0,0,0,0,0,0,0,0,0,0
PET,10-Aug,377,0,0,0,0,0,0,0,0,0,0,0
PET,10-Aug,378,0,0,0,0,0,0,0,0,0,0,0
PET,10-Aug,379,0,0,0,0,0,0,0,0,0,0,0
PET,10-Aug,380,0,0,0,0,0,0,0,0,0,0,0
PET,10-Aug,381,0,0,0,0,0,0,0,0,0,0,0
PET,10-Aug,382,0,0,0,0,0,0,0,0,0,0,0
PET,10-Aug,383,0,0,0,0,0,0,0,0,0,0,0
PET,10-Aug,384,0,0,0,0,0,0,6,0,0,0,0
PET,10-Aug,385,0,0,0,0,0,0,0,0,0,0,0
PET,10-Aug,386,0,0,0,0,0,0,0,0,0,0,0
PET,10-Aug,387,0,0,0,0,0,0,0,0,0,0,0
PET,10-Aug,388,0,0,0,0,0,0,0,0,0,0,0
PET,10-Aug,389,0,0,0,0,0,0,0,0,0,0,0
PET,10-Aug,390,0,0,0,0,0,0,0,0,0,0,0
PET,10-Aug,391,0,0,0,0,0,0,0,0,0,0,0
PET,10-Aug,392,0,0,0,0,0,0,0,0,0,0,0
PET,10-Aug,393,0,0,0,0,0,0,0,0,0,0,0
PET,10-Aug,394,0,0,0,0,0,0,0,0,0,0,0
PET,10-Aug,395,0,0,0,0,0,0,0,0,0,0,0
PET,10-Aug,396,0,0,0,0,0,0,0,0,0,0,0
PET,10-Aug,397,0,0,0,0,0,0,0,0,0,0,0
PET,10-Aug,398,0,0,0,0,0,0,0,0,0,0,0
PET,10-Aug,399,0,0,0,0,0,0,0,0,0,0,0
PET,10-Aug,400,0,0,0,0,0,0,0,0,0,0,0
PET,10-Aug,401,0,0,0,0,0,0,0,0,0,0,0
PET,10-Aug,402,0,0,0,0,0,0,0,0,0,0,0
PET,10-Aug,403,0,0,0,0,0,0,0,0,0,0,0
PET,10-Aug,404,0,0,0,0,0,0,0,0,0,0,0
PET,10-Aug,405,0,0,0,0,0,0,0,0,0,0,0
PET,10-Aug,406,0,0,0,0,0,0,0,0,0,0,0
PET,10-Aug,407,0,0,0,0,0,0,0,0,0,0,0
PET,10-Aug,408,0,0,0,0,0,0,0,0,0,0,0
PET,10-Aug,409,0,0,0,0,0,0,0,0,0,0,0
PET,10-Aug,410,0,0,0,0,0,0,0,0,0,0,0
PET,10-Aug,411,0,0,0,0,0,0,0,0,0,0,0
PET,10-Aug,412,0,0,0,0,0,0,0,0,0,0,0
PET,10-Aug,413,0,0,0,0,0,0,0,0,0,0,0
PET,10-Aug,414,0,0,0,0,0,0,0,0,0,0,0
PET,10-Aug,415,0,0,0,0,0,0,0,0,0,0,0
PET,10-Aug,416,0,0,0,0,0,0,0,0,0,0,0
PET,10-Aug,417,0,0,0,0,0,0,0,0,0,0,0
PET,10-Aug,418,0,0,0,0,0,0,0,0,0,0,0
PET,10-Aug,419,0,0,0,0,0,0,0,0,0,0,0
PET,10-Aug,420,0,0,0,0,0,0,0,0,0,0,0
PET,10-Aug,421,0,0,0,0,0,0,0,0,0,0,0
PET,10-Aug,422,0,0,0,0,0,0,0,0,0,0,0
PET,10-Aug,423,0,0,0,0,0,0,0,0,0,0,0
PET,10-Aug,424,0,0,0,0,0,0,0,0,0,0,0
PET,10-Aug,425,0,0,0,0,0,0,0,0,0,0,0
PET,10-Aug,426,0,0,0,0,0,0,0,0,0,0,0
PET,10-Aug,427,0,0,0,0,0,0,0,0,0,0,0
PET,10-Aug,428,0,0,0,0,0,0,0,0,0,0,0
PET,10-Aug,429,0,0,0,0,0,0,0,0,0,0,0
PET,10-Aug,430,0,0,0,0,0,0,0,0,0,0,0
PET,10-Aug,431,0,0,0,0,0,0,0,0,0,0,0
PET,10-Aug,432,0,0,0,0,0,0,0,0,0,0,0
PET,10-Aug,433,0,0,0,0,0,0,0,0,0,0,0
PET,10-Aug,434,0,0,0,0,0,0,0,0,0,0,0
PET,10-Aug,435,0,0,0,0,0,0,0,0,0,0,0
PET,10-Aug,436,0,0,0,0,0,0,0,0,0,0,0
PET,10-Aug,437,0,0,0,0,0,0,0,0,0,0,0
PET,10-Aug,438,0,0,0,0,0,0,0,0,0,0,0
PET,10-Aug,439,0,0,0,0,0,0,0,0,0,0,0
PET,10-Aug,440,0,0,0,0,0,0,0,0,0,0,0
PET,10-Aug,441,0,0,0,0,0,0,0,0,0,0,0
PET,10-Aug,442,0,0,0,0,0,0,0,0,0,0,0
PET,10-Aug,443,0,0,0,0,0,0,0,0,0,0,0
PET,10-Aug,444,0,0,0,0,0,0,0,0,0,0,0
PET,10-Aug,445,0,0,0,0,0,0,0,0,0,0,0
PET,10-Aug,446,0,0,0,0,0,0,0,0,0,0,0
PET,10-Aug,447,0,0,0,0,0,0,0,0,0,0,0
PET,10-Aug,448,0,0,0,0,0,0,0,0,0,0,0
PET,10-Aug,449,0,0,0,0,0,0,0,0,0,0,0
PET,10-Aug,450,0,0,0,0,0,0,0,0,0,0,0
PET,10-Aug,451,0,0,0,0,0,0,0,0,0,0,0
PET,10-Aug,452,0,0,0,0,0,0,0,0,0,0,0
PET,10-Aug,453,0,0,0,0,0,0,0,0,0,0,0
PET,10-Aug,454,0,0,0,0,0,0,0,0,0,0,0
PET,10-Aug,455,0,0,0,0,0,0,0,0,0,0,0
PET,10-Aug,456,0,0,0,0,0,0,0,0,0,0,0
PET,10-Aug,457,0,0,0,0,0,0,0,0,0,0,0
PET,10-Aug,458,0,0,0,0,0,0,0,0,0,0,0
PET,10-Aug,459,0,0,0,0,0,0,0,0,0,0,0
PET,10-Aug,460,0,0,0,0,0,0,0,0,0,0,0
PET,10-Aug,461,0,0,0,0,0,0,0,0,0,0,0
PET,10-Aug,462,0,0,0,0,0,0,0,0,0,0,0
PET,10-Aug,463,0,0,0,0,0,0,0,0,0,0,0
PET,10-Aug,464,0,0,0,0,0,0,0,0,0,0,0
PET,10-Aug,465,0,0,0,0,0,0,0,0,0,0,0
PET,10-Aug,466,0,0,0,0,0,0,0,0,0,0,0
PET,10-Aug,467,0,0,0,0,0,0,0,0,0,0,0
PET,10-Aug,468,0,5,0,0,0,0,0,0,0,0,0
PET,10-Aug,469,0,0,0,0,0,0,0,0,0,0,0
PET,10-Aug,470,0,0,0,0,0,0,0,0,0,0,0
PET,10-Aug,471,0,0,0,0,0,0,0,0,0,0,0
PET,10-Aug,472,0,0,0,0,0,0,0,0,0,0,0
PET,10-Aug,473,0,0,0,0,0,0,0,0,0,0,0
PET,10-Aug,474,0,0,0,0,0,0,0,0,0,0,0
PET,10-Aug,475,0,0,0,0,0,0,0,0,0,0,0
PET,10-Aug,476,0,0,0,0,0,0,0,0,0,0,0
PET,10-Aug,477,0,0,0,0,0,0,0,1,0,0,0
PET,10-Aug,478,0,0,0,0,0,0,0,0,0,0,0
PET,10-Aug,479,0,0,0,0,0,0,0,0,0,0,0
PET,10-Aug,480,0,0,0,0,0,0,0,0,0,0,0
PET,10-Aug,481,0,0,0,0,0,0,0,0,0,0,0
PET,10-Aug,482,0,0,0,0,0,0,0,0,0,0,0
PET,10-Aug,483,0,0,0,0,0,0,0,0,0,0,0
PET,10-Aug,484,0,0,0,0,0,0,0,0,0,0,0
PET,10-Aug,485,0,0,0,0,0,0,3,0,0,0,0
PET,10-Aug,486,0,0,0,0,0,0,1,0,0,0,0
PET,10-Aug,487,0,0,0,0,0,0,0,0,0,0,0
PET,10-Aug,488,0,0,0,0,0,0,0,0,0,0,0
PET,10-Aug,489,0,0,0,0,0,0,0,0,0,0,0
PET,10-Aug,490,0,0,0,0,0,0,0,0,0,0,0
PET,10-Aug,491,0,0,0,0,0,0,0,0,0,0,0
PET,10-Aug,492,0,0,0,0,0,0,0,0,0,0,0
PET,10-Aug,493,0,0,0,0,0,0,0,0,0,0,0
PET,10-Aug,494,0,0,0,0,0,0,0,0,0,0,0
PET,10-Aug,495,0,0,0,0,0,0,0,0,0,0,0
PET,10-Aug,496,0,0,0,0,0,0,0,0,0,0,0
PET,10-Aug,497,0,0,0,0,0,0,0,0,0,0,0
PET,10-Aug,498,0,0,0,0,0,0,0,0,0,0,0
PET,10-Aug,499,0,0,0,0,0,0,0,0,0,0,0
PET,10-Aug,500,0,0,0,0,0,0,0,0,0,0,0
PET,10-Aug,501,0,0,0,0,0,0,0,0,0,0,0
PET,10-Aug,502,0,0,0,0,0,0,0,0,0,0,0
PET,10-Aug,503,0,0,0,0,0,0,0,0,0,0,0
PET,10-Aug,504,0,0,0,0,0,0,0,0,0,0,0
PET,10-Aug,505,0,0,0,0,0,0,0,0,0,0,0
PET,10-Aug,506,0,0,0,0,0,0,0,0,0,0,0
PET,10-Aug,507,0,0,0,0,0,0,0,0,0,0,0
PET,10-Aug,508,0,0,0,0,0,0,0,0,0,0,0
PET,10-Aug,509,0,0,0,0,0,0,0,0,0,0,0
PET,10-Aug,510,0,0,0,0,0,0,0,0,0,0,0
PET,10-Aug,511,0,0,0,0,0,0,0,0,0,0,0
PET,10-Aug,512,0,0,0,0,0,0,0,0,0,0,0
PET,10-Aug,513,0,0,0,0,0,0,0,1,0,0,0
PET,10-Aug,514,0,0,0,0,0,0,0,0,0,0,0
PET,10-Aug,515,0,0,0,0,0,0,0,0,0,1,0
PET,10-Aug,516,0,0,0,0,0,0,0,0,0,1,0
PET,10-Aug,517,0,0,0,0,0,0,0,0,0,0,0
PET,10-Aug,518,0,0,0,0,0,0,0,0,0,0,0
PET,10-Aug,519,0,0,0,0,0,0,0,0,0,0,0
PET,10-Aug,520,0,0,0,0,0,0,0,0,0,0,0
PET,10-Aug,521,0,0,0,0,0,0,0,0,0,0,0
PET,10-Aug,522,0,0,0,0,0,0,0,0,0,0,0
PET,10-Aug,523,0,0,0,0,0,0,0,0,0,0,0
PET,10-Aug,524,0,0,0,0,0,0,0,0,0,0,0
PET,10-Aug,525,0,0,0,0,0,0,0,0,0,0,0
PET,10-Aug,526,0,0,0,0,0,0,0,0,0,0,0
PET,10-Aug,527,0,0,0,0,0,0,0,0,0,0,0
PET,10-Aug,528,0,0,0,0,0,0,0,0,0,0,0
PET,10-Aug,529,0,0,0,0,0,0,0,0,0,0,0
PET,10-Aug,530,0,0,0,0,0,0,0,0,0,0,0
PET,10-Aug,531,0,0,0,0,0,0,0,0,0,0,0
PET,10-Aug,532,0,0,0,0,0,0,0,0,0,0,0
PET,10-Aug,533,0,0,0,0,0,0,0,0,0,0,0
PET,10-Aug,534,0,0,0,0,0,0,0,0,0,0,0
PET,10-Aug,535,0,0,0,0,0,0,0,0,0,0,0
PET,10-Aug,536,0,0,0,0,0,0,0,0,0,0,0
PET,10-Aug,537,0,0,0,0,0,0,0,0,0,0,0
PET,10-Aug,538,0,0,0,0,0,0,0,0,0,0,0
PET,10-Aug,539,0,0,0,0,0,0,0,0,0,0,0
PET,10-Aug,540,0,0,0,0,0,0,0,0,0,0,0
PET,10-Aug,541,0,0,0,0,0,0,0,0,0,0,0
PET,10-Aug,542,0,5,0,0,0,0,0,0,0,0,0
PET,10-Aug,543,0,0,0,0,0,0,0,0,0,0,0
PET,10-Aug,544,0,0,0,0,0,0,0,0,0,0,0
PET,10-Aug,545,0,0,0,0,0,0,0,0,0,0,0
PET,10-Aug,546,0,0,0,0,0,0,0,0,0,0,0
PET,10-Aug,547,0,0,0,0,0,0,0,0,0,0,0
PET,10-Aug,548,0,0,0,0,0,0,0,0,0,0,0
PET,10-Aug,549,0,0,0,0,0,0,0,0,0,0,0
PET,10-Aug,550,0,0,0,0,0,0,0,0,0,0,0
PET,10-Aug,551,0,0,0,0,0,0,0,0,0,0,0
PET,10-Aug,552,0,0,0,0,0,0,0,0,0,0,0
PET,10-Aug,553,0,0,0,0,0,0,0,0,0,0,0
PET,10-Aug,554,0,0,0,0,0,0,0,0,0,0,0
PET,10-Aug,555,0,0,0,0,0,0,0,0,0,0,0
PET,10-Aug,556,0,0,0,0,0,0,0,0,0,0,0
PET,10-Aug,557,0,0,0,0,0,0,0,0,0,0,0
PET,10-Aug,558,0,0,0,0,0,0,0,0,0,0,0
PET,10-Aug,559,0,0,0,0,0,0,0,0,0,0,0
PET,10-Aug,560,0,0,0,0,0,0,0,0,0,0,0
PET,10-Aug,561,0,0,0,0,0,0,0,0,0,0,0
PET,10-Aug,562,0,0,0,0,0,0,0,0,0,0,0
PET,10-Aug,563,0,0,0,0,0,6,0,0,0,0,0
PET,10-Aug,564,0,0,0,0,0,5,0,0,0,0,0
PET,10-Aug,565,0,0,0,0,0,2,0,0,0,0,0
PET,10-Aug,566,0,0,0,0,0,0,0,0,0,0,0
PET,10-Aug,567,0,0,0,0,0,0,0,0,0,0,0
PET,10-Aug,568,0,0,0,0,0,0,0,0,0,0,0
PET,10-Aug,569,0,0,0,0,0,0,0,0,0,0,0
PET,10-Aug,570,0,0,0,0,0,0,0,0,0,0,0
PET,10-Aug,571,0,0,0,0,0,0,0,0,0,0,0
PET,10-Aug,572,0,0,0,0,0,0,0,1,0,0,0
PET,10-Aug,573,0,0,0,0,0,0,0,0,0,0,0
PET,10-Aug,574,0,0,0,0,0,6,0,0,0,0,0
PET,10-Aug,575,0,0,0,0,0,0,0,0,0,0,0
PET,10-Aug,576,0,0,0,0,0,0,0,0,0,0,0
PET,10-Aug,577,0,0,0,0,0,0,0,0,0,0,0
PET,10-Aug,578,0,0,0,0,0,0,0,0,0,0,0
PET,10-Aug,579,0,0,0,0,0,0,0,0,0,0,0
PET,10-Aug,580,0,0,0,0,0,0,0,0,0,0,0
PET,10-Aug,581,0,0,0,0,0,0,0,0,0,0,0
PET,10-Aug,582,0,0,0,0,0,0,0,0,0,0,0
PET,10-Aug,583,0,0,0,0,0,0,0,0,0,0,0
PET,10-Aug,584,0,15,0,0,0,0,0,0,0,0,0
PET,10-Aug,585,0,0,0,0,0,0,0,0,0,0,0
PET,10-Aug,586,0,0,0,0,0,0,0,0,0,0,0
PET,10-Aug,587,0,0,0,0,0,0,0,0,0,0,0
PET,10-Aug,588,0,0,0,0,0,0,0,0,0,0,0
PET,10-Aug,589,0,0,0,0,0,0,0,0,0,0,0
PET,10-Aug,590,0,0,0,0,0,0,0,0,0,0,0
PET,10-Aug,591,0,0,0,0,0,0,0,0,0,0,0
PET,10-Aug,592,0,0,0,0,0,0,0,0,0,0,0
PET,10-Aug,593,0,0,0,0,0,0,0,0,0,0,0
PET,10-Aug,594,0,0,0,0,0,0,0,0,0,0,0
PET,10-Aug,595,0,0,0,0,0,0,0,0,0,0,0
PET,10-Aug,596,0,0,0,0,0,0,0,0,0,0,0
PET,10-Aug,597,0,0,0,0,0,0,0,0,0,0,0
PET,10-Aug,598,0,0,0,0,0,0,0,0,0,0,0
PET,10-Aug,599,0,0,0,0,0,0,0,0,0,0,0
PET,10-Aug,600,0,0,0,0,0,0,0,0,0,0,0
PET,10-Aug,601,0,0,0,0,0,0,0,0,0,0,0
PET,10-Aug,602,0,0,0,0,0,0,0,0,0,0,0
PET,10-Aug,603,0,0,0,0,0,0,0,0,0,0,0
PET,10-Aug,604,0,0,0,0,0,0,0,0,0,0,0
PET,10-Aug,605,0,0,0,0,0,0,0,0,0,0,0
PET,10-Aug,606,0,0,0,0,0,0,0,0,0,0,0
PET,10-Aug,607,0,0,0,0,0,0,0,0,0,0,0
PET,10-Aug,608,0,0,0,0,0,0,0,0,0,0,0
PET,10-Aug,609,0,0,0,0,0,0,0,0,0,0,0
PET,10-Aug,610,0,0,0,0,0,0,0,0,0,0,0
PET,10-Aug,611,0,0,0,0,0,0,0,0,0,0,0
PET,10-Aug,612,0,0,0,0,0,0,0,0,0,0,0
PET,10-Aug,613,0,0,0,0,0,0,0,0,0,0,0
PET,10-Aug,614,0,0,0,0,0,0,0,0,0,0,0
PET,10-Aug,615,0,0,0,0,0,0,0,0,0,0,0
PET,10-Aug,616,0,0,0,0,0,0,0,0,0,0,0
PET,10-Aug,617,0,0,0,0,0,0,0,0,0,0,0
PET,10-Aug,618,0,0,0,0,0,0,0,0,0,0,0
PET,10-Aug,619,0,0,0,0,0,0,0,0,0,0,0
PET,10-Aug,620,0,0,0,0,0,0,0,0,0,0,0
PET,10-Aug,621,0,0,0,0,0,0,0,0,0,0,0
PET,10-Aug,622,0,0,0,0,0,0,0,0,0,0,0
PET,10-Aug,623,0,0,0,0,0,0,0,0,0,0,0
PET,10-Aug,624,0,0,0,0,0,0,0,0,0,0,0
PET,10-Aug,625,0,0,0,0,0,0,0,0,0,0,0